FrameworkNumber,Framework,title,Small_description,Description,Benefits
RM930,HMRC Royal Mail Wholesale,,,,
RM990,Postal Services - Royal Mail Initiative,,,,
RM3825,HSCN DPS,HSCN Access Services DPS,Access to the Health and Social Care Network (HSCN) for data sharing. Including support for transition and implementation.,"This is the description of the Workforce Improvement Services agreement. 
This agreement is focussed on NHS and health sector customers, but is accessible to all contracting authorities and provides you with the ability to appoint experienced workforce suppliers.
These suppliers will have the knowledge and expertise needed to understand and resolve the unique challenges that your workforce faces and develop a managed solution thatconsidersall aspects of your workforce.
Suppliers will work closely with you to provide managed workforce solutions that are designed to solve your specific needs. Solutions can include (but are not limited to):
permanent recruitment
temporary appointments
management of flexible workforce solutions such as staff banks which is where staff are flexibly allocated to shifts
providing any mix of services or job roles
The agreement will last for an initial 2 years. It may be extended for up to a total of 4 years.
","These are the benefits of the Workforce Improvement Services agreement. 
provides a dedicated and tailored route to market for Workforce Improvement Services
access to proven advice and solutions for addressing workforce issues
access to complete a workforce solution using a single contracting option
"
RM6071,Print Marketplace,Print Marketplace,"A self-service platform for buying printed material all over the UK, including brochures, flyers, leaflets, business cards, letterheads and other transactional print.","This is the description of the Security - Physical, Technical and Support Services agreement. 
Access security services across the UK. Suppliers provide services across 40 UK regions as defined by the Nomenclature of Territorial Statistics (NUTS). Suppliers may have opportunities to provide services internationally.
Products and services available include:
guarding services such as, static and mobile patrolling and manning of receptions
dealing with visitors and monitoring video surveillance systems
installation and maintenance of security systems, for example alarms, perimeter fencing and locks
consultancy services
risk and security assessments
There are eleven groups of related services, or ‘work packages’ which are provided across four lots. You can buy more than one work package if needed. The work packages are:
A: Contract Management and Mobilisation
B: Guarding Services
C: Physical and Technical Security Services
D: Maintenance of security systems
E: Alarmed Response Centre
F: Helpdesk Services
G: Consultancy Services
H: Risk Assessment
I: Security Assessment
J: Security awareness/training
K: Management of Billable Works
If you are a consultant working on behalf of a public sector organisation you must sign a non-disclosure agreement. The organisation you are working for must also complete a consultant approval form. You can find these documents in the document section below. Once completed you cansend the documents to us by email.
","These are the benefits of the Security - Physical, Technical and Support Services agreement. 
value for money: all suppliers have been selected based on quality and price
security services you can trust: all suppliers have demonstrable experience within the security sector and it is mandatory for all suppliers to comply with Centre for the Protection of National Infrastructure guidance
provides a simple route for you to access a range of security suppliers through either a further competition or direct award
flexible, clear terms and conditions including the simplified Public Sector Contract which means you can select contract schedules according to your needs
access expert knowledge and support: our experienced team will offer both technical and commercial support to your procurement
social value: you can ask suppliers to change their offer to match your social value priorities at call-off
fully compliant with social value Procurement Policy Notes (PPNs)
suppliers have submitted a Carbon Reduction Plan (CRP) to gain a place on this agreement, they will then need to resubmit annually in line with PPN 06/21
we manage and monitor the financial standing of suppliers on our framework in line with the sourcing playbook so you do not have to
"
RM6068,Technology Products & Associated Services,Technology Products & Associated Services,"This agreement expired on 9 December 2023 and has been replaced by RM6098 Technology Products and Associated Services 2.
Lot 4 extension until 31 December 2024","This is the description of the Digital and IT Professional Services (DIPS) agreement. 
This agreement falls under the UK Defence and Security Public Contracts Regulations 2011 (DSPCR 2011). It is available only for use by the Ministry of Defence (MOD), following the rules of the Framework and call off procedure.
This agreement has multiple lots which are organised by capability and skills across the full IT spectrum.
Each lot has the flexibility to provide against a variety of requirements without needing a multi-lot approach. You will not be able to buy services across multiple lots within a single call off.
If you need to access services from multiple lots you will need to either:
place these as separate call offs within each lot
run a separate procurement (needed for very significant requirements only)
This agreement is available for up to 4 years. Call off contracts are not limited by duration. You have the ability to award short, medium or longer term arrangements that best suit your project needs.
No extensions are available for this agreement.
The services will be divided into six lots, each lot will consist of up to seven providers and afull supplier list for each lot can be located on the DSP DIPS Framework SharePoint Page. For more information on products and services or how to buy from this agreement, read the relevant sections below.
","These are the benefits of the Digital and IT Professional Services (DIPS) agreement. 
rationalisation of the Professional Services space will enable meaningful engagement with industry partners and SMEs
rationalisation will help MOD to become a better customer by streamlining and focusing efforts in one direction
pipeline sharing
suppliers assisting to shape the requirement
a comprehensive set of Digital, ICT and Cyber capability and expertise
timely access to required capability and expertise
focused on outcomes to ensure that the right incentives and drivers are put in place for each requirement to ensure quality of delivery and control of costs and timescales
"
RM6088,Construction Works and Associated Services,Construction Works and Associated Services,"Delivers a wide range of major and minor building, and civil engineering projects for central government and the wider public sector.","This is the description of the Construction Professional Services DPS agreement. 
A Dynamic Purchasing System (DPS) which forms part of our new solution to buying construction services. This includes providing you with a quick, simple and flexible route to market through an extensive number of suppliers.
Services offered through this DPS will include, but are not limited to:
project management
cost management
engineering, for example civil, structural, electrical
architectural and design services (design of buildings, spaces and infrastructure)
environmental and sustainability services, for example: carbon neutral efficiencies which will help you to achieve carbon neutral
This DPS uses a filter system to help you find local suppliers that can provide the services you need.
Projects may include all forms of construction, including, but not limited to:
new builds
refurbishment of buildings and infrastructure
regeneration of buildings, towns, cities and urban areas, including upgrading of transport links and smart cities
alteration and extension of buildings
conservation and  preservation of natural resources, buildings and/or structures
maintenance works and programmes
design and build of security/counter terrorism defences, such as bomb blast buildings
demolitions of buildings and infrastructure
You will have the flexibility to choose from a range of local regional suppliers as well as those with national coverage. For more information, read our customer guide.
If you are a supplier and would like to provide your services through this DPS, access the supplier bid pack.
For further information about our DPS,watch our RM6242 customer webinar and information video.
Read ourFind a Tender Service (FTS) contracts notice.
","These are the benefits of the Construction Professional Services DPS agreement. 
value for money: we selected all suppliers using both qualitative and commercial measuresthere are options for you to carry out further project specific checks to meet your needs
there are options for you to carry out further project specific checks to meet your needs
social value and localism: you have the ability to filter services to the local area and tailor social value requirements in each further competition
accessible to suppliers of all sizes with a focus on SMEs
fast and flexible: suppliers and clients can join this DPS at any time, consistently widening the supply base and range of capabilities
expert knowledge and support: our experienced team will offer both technical and commercial support to your procurement, including guidance to support your registration journey
supports flexible industry standard call off model form contracts including:New Engineering Contract (NEC)Joint Contracts Tribunal (JCT)also uses government “boilerplate” clauses to standardise industry terms and conditions for best valueclients can also use the Public Sector Contract
New Engineering Contract (NEC)
Joint Contracts Tribunal (JCT)
also uses government “boilerplate” clauses to standardise industry terms and conditions for best value
clients can also use the Public Sector Contract
policy: aligned to latest best practice policy and standards including the:Construction PlaybookCarbon Net Zero
Construction Playbook
Carbon Net Zero
shortlisting: you can select suppliers using predetermined filters based on the servicesensures that you only shortlist suppliers who are capable of providing your required services
ensures that you only shortlist suppliers who are capable of providing your required services
"
RM6094,Spark DPS,Spark DPS,"Buy emerging technology products and services, including Internet of Things (IoT), AI and automation, simulated environments, wearables and new improvements in security.",,
RM6095,Gigabit Capable Connectivity DPS,Gigabit Capable Connectivity DPS,"Offers fibre optic infrastructure services, such as broadband connectivity and infrastructure build that can be used by all UK public sector bodies.",,
RM6099,Transport Technology & Associated Services,Transport Technology & Associated Services,"Offers a wide range of transport technologies and services for the aviation, road, rail and maritime sectors.",,
RM6098,Technology Products & Associated Services 2,Technology Products & Associated Services 2,"All UK public sector organisations can access technology hardware, software and services including end user devices, servers, storage, infrastructure devices, software licences and accessories.",,
RM6100,Technology Services 3,Technology Services 3,All public sector customers can buy technology services ranging from strategy and design to operational deployment.,,
RM6102,Apprenticeship Training Dynamic Marketplace,Apprenticeship Training Dynamic Marketplace DPS,Provides access to an extensive range of apprenticeship training programmes that fully supports Education and Skills Funding Agency (ESFA) funding rules. These rules give departments and public sector bodies the freedom to choose who they contract with.,,
RM6116,Network Services 3,Network Services 3,"All UK public sector organisations can access network solutions, communication services, connectivity to cloud-based data and applications, audio and video conferencing, radio and satellite networking, and emerging technologies such as Internet of Things (IoT) and Smart Cities.",,
RM1557.14,G-Cloud 14,,,,
RM6120,Leasing and Loan Finance DPS,Leasing and Loan Finance DPS,"This DPS provides government and public sector bodies  access to funding for the acquisition of an asset. The DPS offers a choice of financing options, including leasing and asset secured loans.",,
RM6124,Communications Marketplace,Communications Marketplace,A Marketplace for marketing and communications services to help UK government and public sector bodies run public service campaigns.,,
RM6125,Campaign Solutions 2,Campaign Solutions 2,UK government and public sector bodies can access the services they need for end to end campaign solutions to support the running of their public service campaigns.,,
RM6123,Media Services,Media Services,"Central government and the wider public sector (WPS) can buy a world class communication service through the buying of advertising space, partnerships and out of home advertising (OOH), as well as services to audit the performance of their agencies and the opportunity to monetise their own advertising estate.",,
RM6126,Research & Insights,Research & Insights,"All public sector organisations can access social, economic and market research and behavioural insights services for projects of all sizes and values.",,
RM6138,Insurance Services 3 DPS,Insurance Services 3 DPS,A dynamic purchasing system (DPS) that provides access to a complete range of suppliers for the placement of insurance policies of all classes.,,
RM6141,Language Services,Language Services,"Language Services including translation, transcription, interpreting and a quality assurance service. Available to the whole of the public and third sector.",,
RM6142,"Supply of tyres, glass and fast fit solutions","Supply of tyres, glass and fast fit solutions","The entire public sector can access services to supply and fit tyres as well as repair and replace all glass on vehicles (such as windshield and windows). You can also access fast fit products and services including planned maintenance, MOTs, diagnostics and repairs.",,
RM3764.3,Cyber Security Services 3,Cyber Security Services 3,A flexible commercial agreement that offers an extensive range of cyber security services to help improve organisational cyber resilience and security posture.,,
RM6148,Quality Assurance and Testing for IT Systems 2,Quality Assurance and Testing for IT Systems 2,"Independent quality assurance testing (QAT), including testing environments, specialists, automation and services, such as consultancy.",,
RM1043.8,Digital Outcomes 6,,,,
RM6157,Building Materials and Equipment,Building Materials and Equipment,"UK government departments, devolved administrations and the wider public sector can access a range of building materials, equipment and associated services.",,
RM6163,Workforce Improvement Services,Workforce Improvement Services,"Customers can appoint a workforce partner to work with NHS trusts and other contracting authorities, to develop and improve workforce solutions.",,
RM6165,Construction Professional Services,Construction Professional Services,Central government and the wider public sector can access a wide range of technical advisory services in support of building and civil engineering projects of all scales and sizes.,,
RM6167,PSN Core Services,PSN Core Services,Buy Domain Name System (DNS) services that allow government users of the Public Services Network to send electronic information securely.,,
RM6168,Estate Management Services,Estate Management Services,"Gives public sector organisations access to a simplified means of sourcing end to end property management services, from consultancy to disposal.",,
RM6170,Print Management Services,Print Management Services,"Fully managed end to end print products and services, covering services such as bulk printing, direct mail and secure print.",,
RM6171,Courier and Specialist Movements,Courier and Specialist Movements,Gives all public sector customers access to a wide range of courier and specialist movements from simple parcel deliveries to complex and large scale specialist services.,,
RM6173,Automation Marketplace DPS,Automation Marketplace DPS,"Intelligent automation services and solutions, including automation technologies, services, consultancy and licences.",,
RM6174,"Multifunctional Devices (MFDs), Print and Digital Workflow Software Services and","Multifunctional Devices (MFDs), Print and Digital Workflow Software Services and Managed Print Service Provision","Provides access to multifunctional devices, managed print services, technical resources, digital workflow, cloud solutions for digital transition and print consultancy services.",,
RM6175,"Records Information Management, Digital Solutions and Associated Services","Records Information Management, Digital Solutions and Associated Services","Gives all public sector organisations access to storage, scanning, shredding and disposal services. Also provides support with NHS clinic preparation and transition to digital solutions through digital workflow and cloud.",,
RM6177,National Fuels 2,National Fuels 2,"Provides liquid and solid fuels such as heating oil and wood to all public sector customers. Also includes all products and services connected to using fuels, such as tank maintenance.",,
RM6179,Legal Services Panel,Legal Services Panel,"General legal advice and services for central government, including finance and complex legal services. Provides for a wide range of commonly needed areas of law, including contracts, dispute resolution and litigation, real estate and corporate finance.",,
RM6181,Outsourced Contact Centre and Business Services,Outsourced Contact Centre and Business Services,"Access contact centre solutions including people, technology and consultancy and business services including HR, source-to-pay, payroll and financial accounting.",,
RM6182,"Occupational Health, Employee Assistance Programmes and Eye Care Services","Occupational Health, Employee Assistance Programmes and Eye Care Services",Access proactive and preventative services as well as treatments to support employee physical and mental health and well-being.,,
RM6183,Trade Law Panel,Trade Law Panel,"Specialist legal advice and support for international trade law, disputes, and negotiations. Available to central government departments and devolved administrations.",,
RM6184,Offsite Construction Solutions,Offsite Construction Solutions,"All public sector organisations can access the design, fabrication, physical delivery, construction or installation and maintenance of prefabricated buildings. Includes direct access to manufacturers for a complete range of offsite construction solutions.",,
RM6186,Fuel Cards and Associated Services VI,Fuel Cards and Associated Services VI,"Allows all public sector organisations to buy vehicle fuel from service stations and fuel stations using a fuel card. Includes regional, nationwide and European locations.",,
RM6187,Management Consultancy Framework Three (MCF3),Management Consultancy Framework Three (MCF3),"Access to consultancy including business, strategy and policy, finance, HR, procurement, health/social care and community, infrastructure and environment.",,
RM6188,Audit & Assurance Services (A&AS),Audit & Assurance Services (A&AS),"Access audit and assurance services including internal and external audit, counter fraud and investigation.",,
RM6193,Software Design and Implementation Services,Software Design and Implementation Services,"Find the skills and services you need to deploy new cloud-based back office systems or upgrade legacy IT systems. Available to all central government departments, the wider public sector and third sector organisations.",,
RM6194,Back Office Software,Back Office Software,"Software as a Service (SaaS) solutions for back office applications, for deploying either in the cloud, on premise or hybrid. Available for all public sector organisations.",,
RM6195,Big Data and Analytics,Big Data and Analytics,All public sector organisations can access both bespoke professional services and commercial ‘off the shelf’ software specific to data and analytics.,,
RM6200,Artificial Intelligence (AI),Artificial Intelligence (AI),"Discovery and consultancy services related to artificial intelligence (AI), implementation and support of AI systems, end-to-end partnerships, and AI technologies.",,
RM6202,Tail Spend Solution,Tail Spend Solution,Provides public sector organisations with products classified as tail spend. These are typically low-complexity products that organisations buy either on an ad-hoc or regular basis.,,
RM6204,Rail Legal Services,Rail Legal Services,"The Department for Transport (DfT) and related organisations can use this agreement to access legal advice and support specific to rail services. 
The wider public sector can not use this agreement.",,
RM6213,Vehicle Charging Infrastructure Solutions (VCIS),Vehicle Charging Infrastructure Solutions (VCIS),Find a range of solutions to help develop the charging infrastructure for electric and hybrid vehicles with this dynamic purchasing system (DPS).,,
RM6217,Travel and Venue Solutions,Travel and Venue Solutions,"Central government and all wider public and third sector organisations can book air, rail, accommodation, meeting venues and additional travel services in the UK and overseas through leading travel suppliers.",,
RM6219,Learning and Training Services DPS,Learning and Training Services DPS,Provides access to standard and niche training options from a large group of pre-qualified training providers in one place.,,
RM6221,Digital Capability for Health,Digital Capability for Health,Application development and management services for the public health and care sector,,
RM6225,Audio Visual Technical Consultancy & Commissioning,Audio Visual Technical Consultancy & Commissioning,A Dynamic Purchasing System (DPS) for public sector customers who need complex audio visual (AV) services. Plus support services for rooms that use a range of AV technology.,,
RM6226,Debt Resolution Services,Debt Resolution Services,"Public sector customers can access debt recovery and associated services including data, fraud and error, litigation and spend analysis recovery.",,
RM6229,Permanent Recruitment 2,Permanent Recruitment 2,"All public sector organisations can access recruitment services to hire permanent, fixed term and internal secondment roles through recruitment agencies.",,
RM6232,Facilities Management and Workplace Services,Facilities Management and Workplace Services,All public sector organisations can access a range of Facilities Management (FM) services from cleaning and waste services to maintenance services and landscaping.,,
RM6235,Space-Enabled and Geospatial Services,Space-Enabled and Geospatial Services,"A Dynamic Purchasing System (DPS) that will help to maximise public sector services and support the UK National Space Strategy and Geospatial strategy. This agreement has suppliers that can provide remote geospatial, locational, communication and sensing capabilities. Services available may include data, technology solutions and aerial and land-based platforms.",,
RM6238,Supply Teachers and Temporary Staffing (STaTS),Supply Teachers and Temporary Staffing (STaTS),"Recruit temporary and fixed-term teachers, education support staff and non-teaching staff for UK schools, colleges and education establishments. It is not available to independent (for-profit) schools.",,
RM6240,Public Sector Legal Services,Public Sector Legal Services,"This framework has been established to provide a simple and compliant route to market for a range of legal services requirements primarily to the wider public sector. It covers a wide range of commonly needed areas of law, including contracts, dispute resolution and litigation, contracts and corporate law.
Comprising 3 lots the framework offers both general and more specific legal services.",,
RM6241,Housing Maintenance and Repair,Housing Maintenance and Repair,All central government and wider public sector organisations can buy housing maintenance and repair services. Includes planned and reactive maintenance and repair for both tenanted and vacant properties.,,
RM6242,Construction Professional Services DPS,Construction Professional Services DPS,Central government and wider public sector organisations can buy a range of expert professional and technical construction services.,,
RM6244,Purchase of Standard and Specialist Vehicles,Purchase of Standard and Specialist Vehicles,"Central government and wider public sector can buy standard, converted and specialist vehicles. Includes access to vehicles of all sizes, specifications and fuel types.",,
RM6248,Payment Solutions 2,Payment Solutions 2,Enables UK government and wider public sector customers to buy goods and services using procurement cards and to disburse funds using prepaid cards and voucher solutions.,,
RM6237,Low Value Purchase System,Low Value Purchase System,"Low cost, low value and uncomplicated common goods and services including from Small and Medium-sized Enterprises (SME) and Voluntary, Community and Social Enterprise (VCSE) suppliers.",,
RM6249,Digital and IT Professional Services (DIPS),Digital and IT Professional Services (DIPS),Enables you to access professional service requirements and recruit digital and IT resource. Available for MOD customers only.,,
RM6251,Supply of Energy 2,Supply of Energy 2,Central government and wider public sector organisations can access the supply of electricity and gas through a specialist risk managed energy procurement service.,,
RM6254,Carbon Net Zero,,,,
SP-17-031,Gas Scotland SP-17-031,,,,
RM6257,"Security - Physical, Technical and Support Services","Security - Physical, Technical and Support Services",All UK public sector bodies can access a range of security products and services including guarding and installation of security systems.,,
RM6259,Vertical Application Solutions,,,,
RM6261,Mobile Voice and Data Services,,,,
RM6262,Crown Hosting II,,,,
RM6263,Digital Specialists and Programmes,,,,
RM6264,Facilities Management and Workplace Services DPS,,,,
RM6265,Vehicle Hire Solutions,,,,
RM6267,Construction Works and Associated Services 2 (CWAS2) / ProCure 23 (P23),,,,
RM6268,"Vehicle Lease, Fleet Management and Salary Sacrifice Car Schemes",,,,
RM6269,Restructuring & Insolvency Services,,,,
RM6273,Employee Benefits and Services,,,,
RM6276,Insourced Services to Support the Provision of Healthcare (including Clinical In,,,,
RM6277,Non Clinical Staffing,,,,
RM6278,Managed Staff Banks,,,,
RM6279,Buying Better Food and Drink,,,,
RM6280,Postal Services & Solutions,,,,
RM6281,National Framework for the Provision of Clinical and Healthcare Staffing,,,,
RM6284,Costs Lawyer Services 2,,,,
RM6282,"Storage, Distribution, Kitting and Associated Services",,,,
RM6288,Workforce Solutions,,,,
RM6290,Executive & Non-Executive Recruitment Services,,,,
RM6292,Cloud Compute 2,,,,
RM6296,Occupational Health and Related Services DPS,,,,
RM6299,Office Solutions,,,,
RM6301,"Open Banking (Data, Digital Payments & Confirmation of Payee Services) DPS",,,,
RM6305,National Fuels 3,,,,
RM6306,"Water, Wastewater and Ancillary Services 3",,,,
RM6308,Furniture and Associated Services 2,,,,
RM6313,Demand Management & Renewables DPS,,,,
RM6314,Demand Management & Renewables Framework,,,,
RM6315,Vehicle Telematics Solutions,,,,
RM6317,Cisco MoU,,,,
RM6321,Adobe ETLA 23,,,,
RM6322,Fund Administration & Disbursement Services DPS (FAADS),,,,
RM6323,Insurance & Related Services 4,,,,
RM6325,Payment Acceptance 2,,,,
RM6328,HPe MoU,,,,
RM6329,"Logistics, Warehousing and Supply Chain Solutions",,,,
RM6331,Healthcare Soft FM,,,,
RM6333,International Healthcare Professional Recruitment and Associated Services,,,,
RM6335,Digital & Legacy Application Services,,,,
RM6336,eDisclosure and Review Services 2,,,,
RM6340,ServiceNow MoU,,,,
RM6342,"Travel, Transport, Accommodation and Venue Solutions",,,,
RM6348,Adult Skills and Learning DPS,,,,
RM6350,"Income Generation from Estates, Assets & IP DPS",,,,
RM6349,Income Generation from Estates & Assets,,,,
RM6351,IBM MoU 2023,,,,
RM6358,AWS One Government Value Agreement OGVAv2,,,,
RM6359,VMo2 MoU,,,,
RM6363,Microsoft SPA24,,,,
RM1557.14L4,G-Cloud 14 Lot 4,,,,
SP-21-053,Supply of Electricity,,,,
